Filename,File Size,Creation Date,Original Path
README.md,2.47 KB,02-09-26,/Users/steven/agent_forge
orchestrator.md,711.00 B,02-09-26,/Users/steven/agent_forge/subagents
veo.md,361.00 B,02-09-26,/Users/steven/agent_forge/subagents
deo.md,420.00 B,02-09-26,/Users/steven/agent_forge/subagents
seo.md,405.00 B,02-09-26,/Users/steven/agent_forge/subagents
geo.md,370.00 B,02-09-26,/Users/steven/agent_forge/subagents
aeo.md,359.00 B,02-09-26,/Users/steven/agent_forge/subagents
README.md,1.06 KB,02-09-26,/Users/steven/agent_forge/snapshots
index.html,7.12 KB,02-09-26,/Users/steven/agent_forge/snapshots/gptjunkie/ai-overviews-seo
index.html,7.12 KB,02-09-26,/Users/steven/agent_forge/snapshots/gptjunkie/generative-engine-optimization
index.html,7.12 KB,02-09-26,/Users/steven/agent_forge/snapshots/gptjunkie/ai-agents
index.html,7.12 KB,02-09-26,/Users/steven/agent_forge/snapshots/gptjunkie/workflow-automation-platform
mcp.servers.sample.json,722.00 B,02-09-26,/Users/steven/agent_forge/config
provenance_mcp.py,2.70 KB,02-09-26,/Users/steven/agent_forge/mcp
xeo_strategy_mcp.py,3.97 KB,02-09-26,/Users/steven/agent_forge/mcp
keyword_intel_mcp.py,2.88 KB,02-09-26,/Users/steven/agent_forge/mcp
run_provenance_audit.sh,468.00 B,02-09-26,/Users/steven/agent_forge/scripts
bootstrap_agent_forge.sh,501.00 B,02-09-26,/Users/steven/agent_forge/scripts
run_mission_planner.sh,349.00 B,02-09-26,/Users/steven/agent_forge/scripts
run_keyword_radar.sh,296.00 B,02-09-26,/Users/steven/agent_forge/scripts
run_xeo_suite.sh,404.00 B,02-09-26,/Users/steven/agent_forge/scripts
SKILL.md,645.00 B,02-09-26,/Users/steven/agent_forge/skills/network_listener
SKILL.md,735.00 B,02-09-26,/Users/steven/agent_forge/skills/provenance_guard
SKILL.md,647.00 B,02-09-26,/Users/steven/agent_forge/skills/geo_growth
SKILL.md,736.00 B,02-09-26,/Users/steven/agent_forge/skills/xeo_orchestrator
SKILL.md,588.00 B,02-09-26,/Users/steven/agent_forge/skills/content_factory
lib_gsc.py,3.34 KB,02-09-26,/Users/steven/agent_forge/apps
lib_provenance.py,3.87 KB,02-09-26,/Users/steven/agent_forge/apps
xeo_audit.py,11.48 KB,02-09-26,/Users/steven/agent_forge/apps
mission_planner.py,1.90 KB,02-09-26,/Users/steven/agent_forge/apps
provenance_audit.py,2.25 KB,02-09-26,/Users/steven/agent_forge/apps
lib_trends.py,3.79 KB,02-09-26,/Users/steven/agent_forge/apps
lib_xeo.py,36.87 KB,02-09-26,/Users/steven/agent_forge/apps
keyword_radar.py,2.13 KB,02-09-26,/Users/steven/agent_forge/apps
patch_drafts_both.md,43.88 KB,02-09-26,/Users/steven/agent_forge/reports
provenance_audit.md,455.00 B,02-09-26,/Users/steven/agent_forge/reports
entity_map_avatararts.json,472.00 B,02-09-26,/Users/steven/agent_forge/reports
keyword_radar.md,1.88 KB,02-09-26,/Users/steven/agent_forge/reports
internal_link_plan_avatararts_gptjunkie.json,2.18 KB,02-09-26,/Users/steven/agent_forge/reports
xeo_audit_both.md,4.77 KB,02-09-26,/Users/steven/agent_forge/reports
provenance_audit.json,570.00 B,02-09-26,/Users/steven/agent_forge/reports
patch_drafts_both.json,53.99 KB,02-09-26,/Users/steven/agent_forge/reports
xeo_audit_both.json,13.12 KB,02-09-26,/Users/steven/agent_forge/reports
entity_map_gptjunkie.json,493.00 B,02-09-26,/Users/steven/agent_forge/reports
internal_link_plan_avatararts_gptjunkie.md,1.55 KB,02-09-26,/Users/steven/agent_forge/reports
entity_map_gptjunkie.md,400.00 B,02-09-26,/Users/steven/agent_forge/reports
gptjunkie_mission_plan.md,1.13 KB,02-09-26,/Users/steven/agent_forge/reports
entity_map_avatararts.md,379.00 B,02-09-26,/Users/steven/agent_forge/reports
